snail_id,date_collected,temp,caffeine_concentration,caffeine_mass_units,exposure_type,rep,mesocosm,date_dry_mass,dry_mass_g,date_poop_ash_free_dry_mass,poop_ash_free_dry_mass_g
1,20190708,17.5,0,ng,chronic,A,p_g,,,,
2,20190708,17.5,0,ng,chronic,B,p_g,,,,
3,20190708,17.5,0,ng,chronic,C,p_g,,,,
4,20190708,17.5,0,ng,chronic,D,p_g,,,,
5,20190708,17.5,0,ng,chronic,E,p_g,,,,
6,20190708,17.5,0,ng,chronic,F,p_g,,,,
7,20190708,17.5,0,ng,chronic,G,p_g,,,,
8,20190708,17.5,0,ng,chronic,H,p_g,,,,
9,20190708,17.5,0,ng,chronic,I,p_g,,,,
10,20190708,17.5,0,ng,chronic,J,p_g,,,,
11,20190708,17.5,0,ng,chronic,K,p_g,,,,
12,20190708,17.5,0,ng,chronic,L,p_g,,,,
13,20190708,17.5,0,ng,chronic,M,p,,,,
14,20190708,17.5,0,ng,chronic,N,p,,,,
15,20190708,17.5,0,ng,chronic,O,p,,,,
16,20190708,17.5,100,ng,chronic,A,p_g,,,,
17,20190708,17.5,100,ng,chronic,B,p_g,,,,
18,20190708,17.5,100,ng,chronic,C,p_g,,,,
19,20190708,17.5,100,ng,chronic,D,p_g,,,,
20,20190708,17.5,100,ng,chronic,E,p_g,,,,
21,20190708,17.5,100,ng,chronic,F,p_g,,,,
22,20190708,17.5,100,ng,chronic,G,p_g,,,,
23,20190708,17.5,100,ng,chronic,H,p_g,,,,
24,20190708,17.5,100,ng,chronic,I,p_g,,,,
25,20190708,17.5,100,ng,chronic,J,p_g,,,,
26,20190708,17.5,100,ng,chronic,K,p_g,,,,
27,20190708,17.5,100,ng,chronic,L,p_g,,,,
28,20190708,17.5,100,ng,chronic,M,p,,,,
29,20190708,17.5,100,ng,chronic,N,p,,,,
30,20190708,17.5,100,ng,chronic,O,p,,,,
31,20190708,17.5,10000,ng,chronic,A,p_g,,,,
32,20190708,17.5,10000,ng,chronic,B,p_g,,,,
33,20190708,17.5,10000,ng,chronic,C,p_g,,,,
34,20190708,17.5,10000,ng,chronic,D,p_g,,,,
35,20190708,17.5,10000,ng,chronic,E,p_g,,,,
36,20190708,17.5,10000,ng,chronic,F,p_g,,,,
37,20190708,17.5,10000,ng,chronic,G,p_g,,,,
38,20190708,17.5,10000,ng,chronic,H,p_g,,,,
39,20190708,17.5,10000,ng,chronic,I,p_g,,,,
40,20190708,17.5,10000,ng,chronic,J,p_g,,,,
41,20190708,17.5,10000,ng,chronic,K,p_g,,,,
42,20190708,17.5,10000,ng,chronic,L,p_g,,,,
43,20190708,17.5,10000,ng,chronic,M,p,,,,
44,20190708,17.5,10000,ng,chronic,N,p,,,,
45,20190708,17.5,10000,ng,chronic,O,p,,,,
46,20190708,17.5,1000000,ng,chronic,A,p_g,,,,
47,20190708,17.5,1000000,ng,chronic,B,p_g,,,,
48,20190708,17.5,1000000,ng,chronic,C,p_g,,,,
49,20190708,17.5,1000000,ng,chronic,D,p_g,,,,
50,20190708,17.5,1000000,ng,chronic,E,p_g,,,,
51,20190708,17.5,1000000,ng,chronic,F,p_g,,,,
52,20190708,17.5,1000000,ng,chronic,G,p_g,,,,
53,20190708,17.5,1000000,ng,chronic,H,p_g,,,,
54,20190708,17.5,1000000,ng,chronic,I,p_g,,,,
55,20190708,17.5,1000000,ng,chronic,J,p_g,,,,
56,20190708,17.5,1000000,ng,chronic,K,p_g,,,,
57,20190708,17.5,1000000,ng,chronic,L,p_g,,,,
58,20190708,17.5,1000000,ng,chronic,M,p,,,,
59,20190708,17.5,1000000,ng,chronic,N,p,,,,
60,20190708,17.5,1000000,ng,chronic,O,p,,,,
61,20190708,12.5,0,ng,chronic,A,p_g,,,,
62,20190708,12.5,0,ng,chronic,B,p_g,,,,
63,20190708,12.5,0,ng,chronic,C,p_g,,,,
64,20190708,12.5,0,ng,chronic,D,p_g,,,,
65,20190708,12.5,0,ng,chronic,E,p_g,,,,
66,20190708,12.5,0,ng,chronic,F,p_g,,,,
67,20190708,12.5,0,ng,chronic,G,p_g,,,,
68,20190708,12.5,0,ng,chronic,H,p_g,,,,
69,20190708,12.5,0,ng,chronic,I,p_g,,,,
70,20190708,12.5,0,ng,chronic,J,p_g,,,,
71,20190708,12.5,0,ng,chronic,K,p_g,,,,
72,20190708,12.5,0,ng,chronic,L,p_g,,,,
73,20190708,12.5,0,ng,chronic,M,p,,,,
74,20190708,12.5,0,ng,chronic,N,p,,,,
75,20190708,12.5,0,ng,chronic,O,p,,,,
76,20190708,12.5,100,ng,chronic,A,p_g,,,,
77,20190708,12.5,100,ng,chronic,B,p_g,,,,
78,20190708,12.5,100,ng,chronic,C,p_g,,,,
79,20190708,12.5,100,ng,chronic,D,p_g,,,,
80,20190708,12.5,100,ng,chronic,E,p_g,,,,
81,20190708,12.5,100,ng,chronic,F,p_g,,,,
82,20190708,12.5,100,ng,chronic,G,p_g,,,,
83,20190708,12.5,100,ng,chronic,H,p_g,,,,
84,20190708,12.5,100,ng,chronic,I,p_g,,,,
85,20190708,12.5,100,ng,chronic,J,p_g,,,,
86,20190708,12.5,100,ng,chronic,K,p_g,,,,
87,20190708,12.5,100,ng,chronic,L,p_g,,,,
88,20190708,12.5,100,ng,chronic,M,p,,,,
89,20190708,12.5,100,ng,chronic,N,p,,,,
90,20190708,12.5,100,ng,chronic,O,p,,,,
91,20190708,12.5,10000,ng,chronic,A,p_g,,,,
92,20190708,12.5,10000,ng,chronic,B,p_g,,,,
93,20190708,12.5,10000,ng,chronic,C,p_g,,,,
94,20190708,12.5,10000,ng,chronic,D,p_g,,,,
95,20190708,12.5,10000,ng,chronic,E,p_g,,,,
96,20190708,12.5,10000,ng,chronic,F,p_g,,,,
97,20190708,12.5,10000,ng,chronic,G,p_g,,,,
98,20190708,12.5,10000,ng,chronic,H,p_g,,,,
99,20190708,12.5,10000,ng,chronic,I,p_g,,,,
100,20190708,12.5,10000,ng,chronic,J,p_g,,,,
101,20190708,12.5,10000,ng,chronic,K,p_g,,,,
102,20190708,12.5,10000,ng,chronic,L,p_g,,,,
103,20190708,12.5,10000,ng,chronic,M,p,,,,
104,20190708,12.5,10000,ng,chronic,N,p,,,,
105,20190708,12.5,10000,ng,chronic,O,p,,,,
106,20190708,12.5,1000000,ng,chronic,A,p_g,,,,
107,20190708,12.5,1000000,ng,chronic,B,p_g,,,,
108,20190708,12.5,1000000,ng,chronic,C,p_g,,,,
109,20190708,12.5,1000000,ng,chronic,D,p_g,,,,
110,20190708,12.5,1000000,ng,chronic,E,p_g,,,,
111,20190708,12.5,1000000,ng,chronic,F,p_g,,,,
112,20190708,12.5,1000000,ng,chronic,G,p_g,,,,
113,20190708,12.5,1000000,ng,chronic,H,p_g,,,,
114,20190708,12.5,1000000,ng,chronic,I,p_g,,,,
115,20190708,12.5,1000000,ng,chronic,J,p_g,,,,
116,20190708,12.5,1000000,ng,chronic,K,p_g,,,,
117,20190708,12.5,1000000,ng,chronic,L,p_g,,,,
118,20190708,12.5,1000000,ng,chronic,M,p,,,,
119,20190708,12.5,1000000,ng,chronic,N,p,,,,
120,20190708,12.5,1000000,ng,chronic,O,p,,,,
1,20190712,17.5,0,ng,chronic,A,p_g,,,,
2,20190712,17.5,0,ng,chronic,B,p_g,,,,
3,20190712,17.5,0,ng,chronic,C,p_g,,,,
4,20190712,17.5,0,ng,chronic,D,p_g,,,,
5,20190712,17.5,0,ng,chronic,E,p_g,,,,
6,20190712,17.5,0,ng,chronic,F,p_g,,,,
7,20190712,17.5,0,ng,chronic,G,p_g,,,,
8,20190712,17.5,0,ng,chronic,H,p_g,,,,
9,20190712,17.5,0,ng,chronic,I,p_g,,,,
10,20190712,17.5,0,ng,chronic,J,p_g,,,,
11,20190712,17.5,0,ng,chronic,K,p_g,,,,
12,20190712,17.5,0,ng,chronic,L,p_g,,,,
13,20190712,17.5,0,ng,chronic,M,p,,,,
14,20190712,17.5,0,ng,chronic,N,p,,,,
15,20190712,17.5,0,ng,chronic,O,p,,,,
16,20190712,17.5,100,ng,chronic,A,p_g,,,,
17,20190712,17.5,100,ng,chronic,B,p_g,,,,
18,20190712,17.5,100,ng,chronic,C,p_g,,,,
19,20190712,17.5,100,ng,chronic,D,p_g,,,,
20,20190712,17.5,100,ng,chronic,E,p_g,,,,
21,20190712,17.5,100,ng,chronic,F,p_g,,,,
22,20190712,17.5,100,ng,chronic,G,p_g,,,,
23,20190712,17.5,100,ng,chronic,H,p_g,,,,
24,20190712,17.5,100,ng,chronic,I,p_g,,,,
25,20190712,17.5,100,ng,chronic,J,p_g,,,,
26,20190712,17.5,100,ng,chronic,K,p_g,,,,
27,20190712,17.5,100,ng,chronic,L,p_g,,,,
28,20190712,17.5,100,ng,chronic,M,p,,,,
29,20190712,17.5,100,ng,chronic,N,p,,,,
30,20190712,17.5,100,ng,chronic,O,p,,,,
31,20190712,17.5,10000,ng,chronic,A,p_g,,,,
32,20190712,17.5,10000,ng,chronic,B,p_g,,,,
33,20190712,17.5,10000,ng,chronic,C,p_g,,,,
34,20190712,17.5,10000,ng,chronic,D,p_g,,,,
35,20190712,17.5,10000,ng,chronic,E,p_g,,,,
36,20190712,17.5,10000,ng,chronic,F,p_g,,,,
37,20190712,17.5,10000,ng,chronic,G,p_g,,,,
38,20190712,17.5,10000,ng,chronic,H,p_g,,,,
39,20190712,17.5,10000,ng,chronic,I,p_g,,,,
40,20190712,17.5,10000,ng,chronic,J,p_g,,,,
41,20190712,17.5,10000,ng,chronic,K,p_g,,,,
42,20190712,17.5,10000,ng,chronic,L,p_g,,,,
43,20190712,17.5,10000,ng,chronic,M,p,,,,
44,20190712,17.5,10000,ng,chronic,N,p,,,,
45,20190712,17.5,10000,ng,chronic,O,p,,,,
46,20190712,17.5,1000000,ng,chronic,A,p_g,,,,
47,20190712,17.5,1000000,ng,chronic,B,p_g,,,,
48,20190712,17.5,1000000,ng,chronic,C,p_g,,,,
49,20190712,17.5,1000000,ng,chronic,D,p_g,,,,
50,20190712,17.5,1000000,ng,chronic,E,p_g,,,,
51,20190712,17.5,1000000,ng,chronic,F,p_g,,,,
52,20190712,17.5,1000000,ng,chronic,G,p_g,,,,
53,20190712,17.5,1000000,ng,chronic,H,p_g,,,,
54,20190712,17.5,1000000,ng,chronic,I,p_g,,,,
55,20190712,17.5,1000000,ng,chronic,J,p_g,,,,
56,20190712,17.5,1000000,ng,chronic,K,p_g,,,,
57,20190712,17.5,1000000,ng,chronic,L,p_g,,,,
58,20190712,17.5,1000000,ng,chronic,M,p,,,,
59,20190712,17.5,1000000,ng,chronic,N,p,,,,
60,20190712,17.5,1000000,ng,chronic,O,p,,,,
61,20190712,12.5,0,ng,chronic,A,p_g,,,,
62,20190712,12.5,0,ng,chronic,B,p_g,,,,
63,20190712,12.5,0,ng,chronic,C,p_g,,,,
64,20190712,12.5,0,ng,chronic,D,p_g,,,,
65,20190712,12.5,0,ng,chronic,E,p_g,,,,
66,20190712,12.5,0,ng,chronic,F,p_g,,,,
67,20190712,12.5,0,ng,chronic,G,p_g,,,,
68,20190712,12.5,0,ng,chronic,H,p_g,,,,
69,20190712,12.5,0,ng,chronic,I,p_g,,,,
70,20190712,12.5,0,ng,chronic,J,p_g,,,,
71,20190712,12.5,0,ng,chronic,K,p_g,,,,
72,20190712,12.5,0,ng,chronic,L,p_g,,,,
73,20190712,12.5,0,ng,chronic,M,p,,,,
74,20190712,12.5,0,ng,chronic,N,p,,,,
75,20190712,12.5,0,ng,chronic,O,p,,,,
76,20190712,12.5,100,ng,chronic,A,p_g,,,,
77,20190712,12.5,100,ng,chronic,B,p_g,,,,
78,20190712,12.5,100,ng,chronic,C,p_g,,,,
79,20190712,12.5,100,ng,chronic,D,p_g,,,,
80,20190712,12.5,100,ng,chronic,E,p_g,,,,
81,20190712,12.5,100,ng,chronic,F,p_g,,,,
82,20190712,12.5,100,ng,chronic,G,p_g,,,,
83,20190712,12.5,100,ng,chronic,H,p_g,,,,
84,20190712,12.5,100,ng,chronic,I,p_g,,,,
85,20190712,12.5,100,ng,chronic,J,p_g,,,,
86,20190712,12.5,100,ng,chronic,K,p_g,,,,
87,20190712,12.5,100,ng,chronic,L,p_g,,,,
88,20190712,12.5,100,ng,chronic,M,p,,,,
89,20190712,12.5,100,ng,chronic,N,p,,,,
90,20190712,12.5,100,ng,chronic,O,p,,,,
91,20190712,12.5,10000,ng,chronic,A,p_g,,,,
92,20190712,12.5,10000,ng,chronic,B,p_g,,,,
93,20190712,12.5,10000,ng,chronic,C,p_g,,,,
94,20190712,12.5,10000,ng,chronic,D,p_g,,,,
95,20190712,12.5,10000,ng,chronic,E,p_g,,,,
96,20190712,12.5,10000,ng,chronic,F,p_g,,,,
97,20190712,12.5,10000,ng,chronic,G,p_g,,,,
98,20190712,12.5,10000,ng,chronic,H,p_g,,,,
99,20190712,12.5,10000,ng,chronic,I,p_g,,,,
100,20190712,12.5,10000,ng,chronic,J,p_g,,,,
101,20190712,12.5,10000,ng,chronic,K,p_g,,,,
102,20190712,12.5,10000,ng,chronic,L,p_g,,,,
103,20190712,12.5,10000,ng,chronic,M,p,,,,
104,20190712,12.5,10000,ng,chronic,N,p,,,,
105,20190712,12.5,10000,ng,chronic,O,p,,,,
106,20190712,12.5,1000000,ng,chronic,A,p_g,,,,
107,20190712,12.5,1000000,ng,chronic,B,p_g,,,,
108,20190712,12.5,1000000,ng,chronic,C,p_g,,,,
109,20190712,12.5,1000000,ng,chronic,D,p_g,,,,
110,20190712,12.5,1000000,ng,chronic,E,p_g,,,,
111,20190712,12.5,1000000,ng,chronic,F,p_g,,,,
112,20190712,12.5,1000000,ng,chronic,G,p_g,,,,
113,20190712,12.5,1000000,ng,chronic,H,p_g,,,,
114,20190712,12.5,1000000,ng,chronic,I,p_g,,,,
115,20190712,12.5,1000000,ng,chronic,J,p_g,,,,
116,20190712,12.5,1000000,ng,chronic,K,p_g,,,,
117,20190712,12.5,1000000,ng,chronic,L,p_g,,,,
118,20190712,12.5,1000000,ng,chronic,M,p,,,,
119,20190712,12.5,1000000,ng,chronic,N,p,,,,
120,20190712,12.5,1000000,ng,chronic,O,p,,,,
1,20190715,17.5,0,ng,chronic,A,p_g,,,,
2,20190715,17.5,0,ng,chronic,B,p_g,,,,
3,20190715,17.5,0,ng,chronic,C,p_g,,,,
4,20190715,17.5,0,ng,chronic,D,p_g,,,,
5,20190715,17.5,0,ng,chronic,E,p_g,,,,
6,20190715,17.5,0,ng,chronic,F,p_g,,,,
7,20190715,17.5,0,ng,chronic,G,p_g,,,,
8,20190715,17.5,0,ng,chronic,H,p_g,,,,
9,20190715,17.5,0,ng,chronic,I,p_g,,,,
10,20190715,17.5,0,ng,chronic,J,p_g,,,,
11,20190715,17.5,0,ng,chronic,K,p_g,,,,
12,20190715,17.5,0,ng,chronic,L,p_g,,,,
13,20190715,17.5,0,ng,chronic,M,p,,,,
14,20190715,17.5,0,ng,chronic,N,p,,,,
15,20190715,17.5,0,ng,chronic,O,p,,,,
16,20190715,17.5,100,ng,chronic,A,p_g,,,,
17,20190715,17.5,100,ng,chronic,B,p_g,,,,
18,20190715,17.5,100,ng,chronic,C,p_g,,,,
19,20190715,17.5,100,ng,chronic,D,p_g,,,,
20,20190715,17.5,100,ng,chronic,E,p_g,,,,
21,20190715,17.5,100,ng,chronic,F,p_g,,,,
22,20190715,17.5,100,ng,chronic,G,p_g,,,,
23,20190715,17.5,100,ng,chronic,H,p_g,,,,
24,20190715,17.5,100,ng,chronic,I,p_g,,,,
25,20190715,17.5,100,ng,chronic,J,p_g,,,,
26,20190715,17.5,100,ng,chronic,K,p_g,,,,
27,20190715,17.5,100,ng,chronic,L,p_g,,,,
28,20190715,17.5,100,ng,chronic,M,p,,,,
29,20190715,17.5,100,ng,chronic,N,p,,,,
30,20190715,17.5,100,ng,chronic,O,p,,,,
31,20190715,17.5,10000,ng,chronic,A,p_g,,,,
32,20190715,17.5,10000,ng,chronic,B,p_g,,,,
33,20190715,17.5,10000,ng,chronic,C,p_g,,,,
34,20190715,17.5,10000,ng,chronic,D,p_g,,,,
35,20190715,17.5,10000,ng,chronic,E,p_g,,,,
36,20190715,17.5,10000,ng,chronic,F,p_g,,,,
37,20190715,17.5,10000,ng,chronic,G,p_g,,,,
38,20190715,17.5,10000,ng,chronic,H,p_g,,,,
39,20190715,17.5,10000,ng,chronic,I,p_g,,,,
40,20190715,17.5,10000,ng,chronic,J,p_g,,,,
41,20190715,17.5,10000,ng,chronic,K,p_g,,,,
42,20190715,17.5,10000,ng,chronic,L,p_g,,,,
43,20190715,17.5,10000,ng,chronic,M,p,,,,
44,20190715,17.5,10000,ng,chronic,N,p,,,,
45,20190715,17.5,10000,ng,chronic,O,p,,,,
46,20190715,17.5,1000000,ng,chronic,A,p_g,,,,
47,20190715,17.5,1000000,ng,chronic,B,p_g,,,,
48,20190715,17.5,1000000,ng,chronic,C,p_g,,,,
49,20190715,17.5,1000000,ng,chronic,D,p_g,,,,
50,20190715,17.5,1000000,ng,chronic,E,p_g,,,,
51,20190715,17.5,1000000,ng,chronic,F,p_g,,,,
52,20190715,17.5,1000000,ng,chronic,G,p_g,,,,
53,20190715,17.5,1000000,ng,chronic,H,p_g,,,,
54,20190715,17.5,1000000,ng,chronic,I,p_g,,,,
55,20190715,17.5,1000000,ng,chronic,J,p_g,,,,
56,20190715,17.5,1000000,ng,chronic,K,p_g,,,,
57,20190715,17.5,1000000,ng,chronic,L,p_g,,,,
58,20190715,17.5,1000000,ng,chronic,M,p,,,,
59,20190715,17.5,1000000,ng,chronic,N,p,,,,
60,20190715,17.5,1000000,ng,chronic,O,p,,,,
61,20190715,12.5,0,ng,chronic,A,p_g,,,,
62,20190715,12.5,0,ng,chronic,B,p_g,,,,
63,20190715,12.5,0,ng,chronic,C,p_g,,,,
64,20190715,12.5,0,ng,chronic,D,p_g,,,,
65,20190715,12.5,0,ng,chronic,E,p_g,,,,
66,20190715,12.5,0,ng,chronic,F,p_g,,,,
67,20190715,12.5,0,ng,chronic,G,p_g,,,,
68,20190715,12.5,0,ng,chronic,H,p_g,,,,
69,20190715,12.5,0,ng,chronic,I,p_g,,,,
70,20190715,12.5,0,ng,chronic,J,p_g,,,,
71,20190715,12.5,0,ng,chronic,K,p_g,,,,
72,20190715,12.5,0,ng,chronic,L,p_g,,,,
73,20190715,12.5,0,ng,chronic,M,p,,,,
74,20190715,12.5,0,ng,chronic,N,p,,,,
75,20190715,12.5,0,ng,chronic,O,p,,,,
76,20190715,12.5,100,ng,chronic,A,p_g,,,,
77,20190715,12.5,100,ng,chronic,B,p_g,,,,
78,20190715,12.5,100,ng,chronic,C,p_g,,,,
79,20190715,12.5,100,ng,chronic,D,p_g,,,,
80,20190715,12.5,100,ng,chronic,E,p_g,,,,
81,20190715,12.5,100,ng,chronic,F,p_g,,,,
82,20190715,12.5,100,ng,chronic,G,p_g,,,,
83,20190715,12.5,100,ng,chronic,H,p_g,,,,
84,20190715,12.5,100,ng,chronic,I,p_g,,,,
85,20190715,12.5,100,ng,chronic,J,p_g,,,,
86,20190715,12.5,100,ng,chronic,K,p_g,,,,
87,20190715,12.5,100,ng,chronic,L,p_g,,,,
88,20190715,12.5,100,ng,chronic,M,p,,,,
89,20190715,12.5,100,ng,chronic,N,p,,,,
90,20190715,12.5,100,ng,chronic,O,p,,,,
91,20190715,12.5,10000,ng,chronic,A,p_g,,,,
92,20190715,12.5,10000,ng,chronic,B,p_g,,,,
93,20190715,12.5,10000,ng,chronic,C,p_g,,,,
94,20190715,12.5,10000,ng,chronic,D,p_g,,,,
95,20190715,12.5,10000,ng,chronic,E,p_g,,,,
96,20190715,12.5,10000,ng,chronic,F,p_g,,,,
97,20190715,12.5,10000,ng,chronic,G,p_g,,,,
98,20190715,12.5,10000,ng,chronic,H,p_g,,,,
99,20190715,12.5,10000,ng,chronic,I,p_g,,,,
100,20190715,12.5,10000,ng,chronic,J,p_g,,,,
101,20190715,12.5,10000,ng,chronic,K,p_g,,,,
102,20190715,12.5,10000,ng,chronic,L,p_g,,,,
103,20190715,12.5,10000,ng,chronic,M,p,,,,
104,20190715,12.5,10000,ng,chronic,N,p,,,,
105,20190715,12.5,10000,ng,chronic,O,p,,,,
106,20190715,12.5,1000000,ng,chronic,A,p_g,,,,
107,20190715,12.5,1000000,ng,chronic,B,p_g,,,,
108,20190715,12.5,1000000,ng,chronic,C,p_g,,,,
109,20190715,12.5,1000000,ng,chronic,D,p_g,,,,
110,20190715,12.5,1000000,ng,chronic,E,p_g,,,,
111,20190715,12.5,1000000,ng,chronic,F,p_g,,,,
112,20190715,12.5,1000000,ng,chronic,G,p_g,,,,
113,20190715,12.5,1000000,ng,chronic,H,p_g,,,,
114,20190715,12.5,1000000,ng,chronic,I,p_g,,,,
115,20190715,12.5,1000000,ng,chronic,J,p_g,,,,
116,20190715,12.5,1000000,ng,chronic,K,p_g,,,,
117,20190715,12.5,1000000,ng,chronic,L,p_g,,,,
118,20190715,12.5,1000000,ng,chronic,M,p,,,,
119,20190715,12.5,1000000,ng,chronic,N,p,,,,
120,20190715,12.5,1000000,ng,chronic,O,p,,,,
1,20190718,17.5,0,ng,chronic,A,p_g,,,,
2,20190718,17.5,0,ng,chronic,B,p_g,,,,
3,20190718,17.5,0,ng,chronic,C,p_g,,,,
4,20190718,17.5,0,ng,chronic,D,p_g,,,,
5,20190718,17.5,0,ng,chronic,E,p_g,,,,
6,20190718,17.5,0,ng,chronic,F,p_g,,,,
7,20190718,17.5,0,ng,chronic,G,p_g,,,,
8,20190718,17.5,0,ng,chronic,H,p_g,,,,
9,20190718,17.5,0,ng,chronic,I,p_g,,,,
10,20190718,17.5,0,ng,chronic,J,p_g,,,,
11,20190718,17.5,0,ng,chronic,K,p_g,,,,
12,20190718,17.5,0,ng,chronic,L,p_g,,,,
13,20190718,17.5,0,ng,chronic,M,p,,,,
14,20190718,17.5,0,ng,chronic,N,p,,,,
15,20190718,17.5,0,ng,chronic,O,p,,,,
16,20190718,17.5,100,ng,chronic,A,p_g,,,,
17,20190718,17.5,100,ng,chronic,B,p_g,,,,
18,20190718,17.5,100,ng,chronic,C,p_g,,,,
19,20190718,17.5,100,ng,chronic,D,p_g,,,,
20,20190718,17.5,100,ng,chronic,E,p_g,,,,
21,20190718,17.5,100,ng,chronic,F,p_g,,,,
22,20190718,17.5,100,ng,chronic,G,p_g,,,,
23,20190718,17.5,100,ng,chronic,H,p_g,,,,
24,20190718,17.5,100,ng,chronic,I,p_g,,,,
25,20190718,17.5,100,ng,chronic,J,p_g,,,,
26,20190718,17.5,100,ng,chronic,K,p_g,,,,
27,20190718,17.5,100,ng,chronic,L,p_g,,,,
28,20190718,17.5,100,ng,chronic,M,p,,,,
29,20190718,17.5,100,ng,chronic,N,p,,,,
30,20190718,17.5,100,ng,chronic,O,p,,,,
31,20190718,17.5,10000,ng,chronic,A,p_g,,,,
32,20190718,17.5,10000,ng,chronic,B,p_g,,,,
33,20190718,17.5,10000,ng,chronic,C,p_g,,,,
34,20190718,17.5,10000,ng,chronic,D,p_g,,,,
35,20190718,17.5,10000,ng,chronic,E,p_g,,,,
36,20190718,17.5,10000,ng,chronic,F,p_g,,,,
37,20190718,17.5,10000,ng,chronic,G,p_g,,,,
38,20190718,17.5,10000,ng,chronic,H,p_g,,,,
39,20190718,17.5,10000,ng,chronic,I,p_g,,,,
40,20190718,17.5,10000,ng,chronic,J,p_g,,,,
41,20190718,17.5,10000,ng,chronic,K,p_g,,,,
42,20190718,17.5,10000,ng,chronic,L,p_g,,,,
43,20190718,17.5,10000,ng,chronic,M,p,,,,
44,20190718,17.5,10000,ng,chronic,N,p,,,,
45,20190718,17.5,10000,ng,chronic,O,p,,,,
46,20190718,17.5,1000000,ng,chronic,A,p_g,,,,
47,20190718,17.5,1000000,ng,chronic,B,p_g,,,,
48,20190718,17.5,1000000,ng,chronic,C,p_g,,,,
49,20190718,17.5,1000000,ng,chronic,D,p_g,,,,
50,20190718,17.5,1000000,ng,chronic,E,p_g,,,,
51,20190718,17.5,1000000,ng,chronic,F,p_g,,,,
52,20190718,17.5,1000000,ng,chronic,G,p_g,,,,
53,20190718,17.5,1000000,ng,chronic,H,p_g,,,,
54,20190718,17.5,1000000,ng,chronic,I,p_g,,,,
55,20190718,17.5,1000000,ng,chronic,J,p_g,,,,
56,20190718,17.5,1000000,ng,chronic,K,p_g,,,,
57,20190718,17.5,1000000,ng,chronic,L,p_g,,,,
58,20190718,17.5,1000000,ng,chronic,M,p,,,,
59,20190718,17.5,1000000,ng,chronic,N,p,,,,
60,20190718,17.5,1000000,ng,chronic,O,p,,,,
61,20190718,12.5,0,ng,chronic,A,p_g,,,,
62,20190718,12.5,0,ng,chronic,B,p_g,,,,
63,20190718,12.5,0,ng,chronic,C,p_g,,,,
64,20190718,12.5,0,ng,chronic,D,p_g,,,,
65,20190718,12.5,0,ng,chronic,E,p_g,,,,
66,20190718,12.5,0,ng,chronic,F,p_g,,,,
67,20190718,12.5,0,ng,chronic,G,p_g,,,,
68,20190718,12.5,0,ng,chronic,H,p_g,,,,
69,20190718,12.5,0,ng,chronic,I,p_g,,,,
70,20190718,12.5,0,ng,chronic,J,p_g,,,,
71,20190718,12.5,0,ng,chronic,K,p_g,,,,
72,20190718,12.5,0,ng,chronic,L,p_g,,,,
73,20190718,12.5,0,ng,chronic,M,p,,,,
74,20190718,12.5,0,ng,chronic,N,p,,,,
75,20190718,12.5,0,ng,chronic,O,p,,,,
76,20190718,12.5,100,ng,chronic,A,p_g,,,,
77,20190718,12.5,100,ng,chronic,B,p_g,,,,
78,20190718,12.5,100,ng,chronic,C,p_g,,,,
79,20190718,12.5,100,ng,chronic,D,p_g,,,,
80,20190718,12.5,100,ng,chronic,E,p_g,,,,
81,20190718,12.5,100,ng,chronic,F,p_g,,,,
82,20190718,12.5,100,ng,chronic,G,p_g,,,,
83,20190718,12.5,100,ng,chronic,H,p_g,,,,
84,20190718,12.5,100,ng,chronic,I,p_g,,,,
85,20190718,12.5,100,ng,chronic,J,p_g,,,,
86,20190718,12.5,100,ng,chronic,K,p_g,,,,
87,20190718,12.5,100,ng,chronic,L,p_g,,,,
88,20190718,12.5,100,ng,chronic,M,p,,,,
89,20190718,12.5,100,ng,chronic,N,p,,,,
90,20190718,12.5,100,ng,chronic,O,p,,,,
91,20190718,12.5,10000,ng,chronic,A,p_g,,,,
92,20190718,12.5,10000,ng,chronic,B,p_g,,,,
93,20190718,12.5,10000,ng,chronic,C,p_g,,,,
94,20190718,12.5,10000,ng,chronic,D,p_g,,,,
95,20190718,12.5,10000,ng,chronic,E,p_g,,,,
96,20190718,12.5,10000,ng,chronic,F,p_g,,,,
97,20190718,12.5,10000,ng,chronic,G,p_g,,,,
98,20190718,12.5,10000,ng,chronic,H,p_g,,,,
99,20190718,12.5,10000,ng,chronic,I,p_g,,,,
100,20190718,12.5,10000,ng,chronic,J,p_g,,,,
101,20190718,12.5,10000,ng,chronic,K,p_g,,,,
102,20190718,12.5,10000,ng,chronic,L,p_g,,,,
103,20190718,12.5,10000,ng,chronic,M,p,,,,
104,20190718,12.5,10000,ng,chronic,N,p,,,,
105,20190718,12.5,10000,ng,chronic,O,p,,,,
106,20190718,12.5,1000000,ng,chronic,A,p_g,,,,
107,20190718,12.5,1000000,ng,chronic,B,p_g,,,,
108,20190718,12.5,1000000,ng,chronic,C,p_g,,,,
109,20190718,12.5,1000000,ng,chronic,D,p_g,,,,
110,20190718,12.5,1000000,ng,chronic,E,p_g,,,,
111,20190718,12.5,1000000,ng,chronic,F,p_g,,,,
112,20190718,12.5,1000000,ng,chronic,G,p_g,,,,
113,20190718,12.5,1000000,ng,chronic,H,p_g,,,,
114,20190718,12.5,1000000,ng,chronic,I,p_g,,,,
115,20190718,12.5,1000000,ng,chronic,J,p_g,,,,
116,20190718,12.5,1000000,ng,chronic,K,p_g,,,,
117,20190718,12.5,1000000,ng,chronic,L,p_g,,,,
118,20190718,12.5,1000000,ng,chronic,M,p,,,,
119,20190718,12.5,1000000,ng,chronic,N,p,,,,
120,20190718,12.5,1000000,ng,chronic,O,p,,,,
1,20190718,17.5,0,ng,chronic,A,p_g,20190723,,,
2,20190718,17.5,0,ng,chronic,B,p_g,20190723,,,
3,20190718,17.5,0,ng,chronic,C,p_g,20190723,,,
4,20190718,17.5,0,ng,chronic,D,p_g,20190723,,,
5,20190718,17.5,0,ng,chronic,E,p_g,20190723,,,
6,20190718,17.5,0,ng,chronic,F,p_g,20190723,,,
7,20190718,17.5,0,ng,chronic,G,p_g,20190723,,,
8,20190718,17.5,0,ng,chronic,H,p_g,20190723,,,
9,20190718,17.5,0,ng,chronic,I,p_g,20190723,,,
10,20190718,17.5,0,ng,chronic,J,p_g,20190723,,,
11,20190718,17.5,0,ng,chronic,K,p_g,20190723,,,
12,20190718,17.5,0,ng,chronic,L,p_g,20190723,,,
13,20190718,17.5,0,ng,chronic,M,p,20190723,,,
14,20190718,17.5,0,ng,chronic,N,p,20190723,,,
15,20190718,17.5,0,ng,chronic,O,p,20190723,,,
16,20190718,17.5,100,ng,chronic,A,p_g,20190723,,,
17,20190718,17.5,100,ng,chronic,B,p_g,20190723,,,
18,20190718,17.5,100,ng,chronic,C,p_g,20190723,,,
19,20190718,17.5,100,ng,chronic,D,p_g,20190723,,,
20,20190718,17.5,100,ng,chronic,E,p_g,20190723,,,
21,20190718,17.5,100,ng,chronic,F,p_g,20190723,,,
22,20190718,17.5,100,ng,chronic,G,p_g,20190723,,,
23,20190718,17.5,100,ng,chronic,H,p_g,20190723,,,
24,20190718,17.5,100,ng,chronic,I,p_g,20190723,,,
25,20190718,17.5,100,ng,chronic,J,p_g,20190723,,,
26,20190718,17.5,100,ng,chronic,K,p_g,20190723,,,
27,20190718,17.5,100,ng,chronic,L,p_g,20190723,,,
28,20190718,17.5,100,ng,chronic,M,p,20190723,,,
29,20190718,17.5,100,ng,chronic,N,p,20190723,,,
30,20190718,17.5,100,ng,chronic,O,p,20190723,,,
31,20190718,17.5,10000,ng,chronic,A,p_g,20190723,,,
32,20190718,17.5,10000,ng,chronic,B,p_g,20190723,,,
33,20190718,17.5,10000,ng,chronic,C,p_g,20190723,,,
34,20190718,17.5,10000,ng,chronic,D,p_g,20190723,,,
35,20190718,17.5,10000,ng,chronic,E,p_g,20190723,,,
36,20190718,17.5,10000,ng,chronic,F,p_g,20190723,,,
37,20190718,17.5,10000,ng,chronic,G,p_g,20190723,,,
38,20190718,17.5,10000,ng,chronic,H,p_g,20190723,,,
39,20190718,17.5,10000,ng,chronic,I,p_g,20190723,,,
40,20190718,17.5,10000,ng,chronic,J,p_g,20190723,,,
41,20190718,17.5,10000,ng,chronic,K,p_g,20190723,,,
42,20190718,17.5,10000,ng,chronic,L,p_g,20190723,,,
43,20190718,17.5,10000,ng,chronic,M,p,20190723,,,
44,20190718,17.5,10000,ng,chronic,N,p,20190723,,,
45,20190718,17.5,10000,ng,chronic,O,p,20190723,,,
46,20190718,17.5,1000000,ng,chronic,A,p_g,20190723,,,
47,20190718,17.5,1000000,ng,chronic,B,p_g,20190723,,,
48,20190718,17.5,1000000,ng,chronic,C,p_g,20190723,,,
49,20190718,17.5,1000000,ng,chronic,D,p_g,20190723,,,
50,20190718,17.5,1000000,ng,chronic,E,p_g,20190723,,,
51,20190718,17.5,1000000,ng,chronic,F,p_g,20190723,,,
52,20190718,17.5,1000000,ng,chronic,G,p_g,20190723,,,
53,20190718,17.5,1000000,ng,chronic,H,p_g,20190723,,,
54,20190718,17.5,1000000,ng,chronic,I,p_g,20190723,,,
55,20190718,17.5,1000000,ng,chronic,J,p_g,20190723,,,
56,20190718,17.5,1000000,ng,chronic,K,p_g,20190723,,,
57,20190718,17.5,1000000,ng,chronic,L,p_g,20190723,,,
58,20190718,17.5,1000000,ng,chronic,M,p,20190723,,,
59,20190718,17.5,1000000,ng,chronic,N,p,20190723,,,
60,20190718,17.5,1000000,ng,chronic,O,p,20190723,,,
61,20190718,12.5,0,ng,chronic,A,p_g,20190723,,,
62,20190718,12.5,0,ng,chronic,B,p_g,20190723,,,
63,20190718,12.5,0,ng,chronic,C,p_g,20190723,,,
64,20190718,12.5,0,ng,chronic,D,p_g,20190723,,,
65,20190718,12.5,0,ng,chronic,E,p_g,20190723,,,
66,20190718,12.5,0,ng,chronic,F,p_g,20190723,,,
67,20190718,12.5,0,ng,chronic,G,p_g,20190723,,,
68,20190718,12.5,0,ng,chronic,H,p_g,20190723,,,
69,20190718,12.5,0,ng,chronic,I,p_g,20190723,,,
70,20190718,12.5,0,ng,chronic,J,p_g,20190723,,,
71,20190718,12.5,0,ng,chronic,K,p_g,20190723,,,
72,20190718,12.5,0,ng,chronic,L,p_g,20190723,,,
73,20190718,12.5,0,ng,chronic,M,p,20190723,,,
74,20190718,12.5,0,ng,chronic,N,p,20190723,,,
75,20190718,12.5,0,ng,chronic,O,p,20190723,,,
76,20190718,12.5,100,ng,chronic,A,p_g,20190723,,,
77,20190718,12.5,100,ng,chronic,B,p_g,20190723,,,
78,20190718,12.5,100,ng,chronic,C,p_g,20190723,,,
79,20190718,12.5,100,ng,chronic,D,p_g,20190723,,,
80,20190718,12.5,100,ng,chronic,E,p_g,20190723,,,
81,20190718,12.5,100,ng,chronic,F,p_g,20190723,,,
82,20190718,12.5,100,ng,chronic,G,p_g,20190723,,,
83,20190718,12.5,100,ng,chronic,H,p_g,20190723,,,
84,20190718,12.5,100,ng,chronic,I,p_g,20190723,,,
85,20190718,12.5,100,ng,chronic,J,p_g,20190723,,,
86,20190718,12.5,100,ng,chronic,K,p_g,20190723,,,
87,20190718,12.5,100,ng,chronic,L,p_g,20190723,,,
88,20190718,12.5,100,ng,chronic,M,p,20190723,,,
89,20190718,12.5,100,ng,chronic,N,p,20190723,,,
90,20190718,12.5,100,ng,chronic,O,p,20190723,,,
91,20190718,12.5,10000,ng,chronic,A,p_g,20190723,,,
92,20190718,12.5,10000,ng,chronic,B,p_g,20190723,,,
93,20190718,12.5,10000,ng,chronic,C,p_g,20190723,,,
94,20190718,12.5,10000,ng,chronic,D,p_g,20190723,,,
95,20190718,12.5,10000,ng,chronic,E,p_g,20190723,,,
96,20190718,12.5,10000,ng,chronic,F,p_g,20190723,,,
97,20190718,12.5,10000,ng,chronic,G,p_g,20190723,,,
98,20190718,12.5,10000,ng,chronic,H,p_g,20190723,,,
99,20190718,12.5,10000,ng,chronic,I,p_g,20190723,,,
100,20190718,12.5,10000,ng,chronic,J,p_g,20190723,,,
101,20190718,12.5,10000,ng,chronic,K,p_g,20190723,,,
102,20190718,12.5,10000,ng,chronic,L,p_g,20190723,,,
103,20190718,12.5,10000,ng,chronic,M,p,20190723,,,
104,20190718,12.5,10000,ng,chronic,N,p,20190723,,,
105,20190718,12.5,10000,ng,chronic,O,p,20190723,,,
106,20190718,12.5,1000000,ng,chronic,A,p_g,20190723,,,
107,20190718,12.5,1000000,ng,chronic,B,p_g,20190723,,,
108,20190718,12.5,1000000,ng,chronic,C,p_g,20190723,,,
109,20190718,12.5,1000000,ng,chronic,D,p_g,20190723,,,
110,20190718,12.5,1000000,ng,chronic,E,p_g,20190723,,,
111,20190718,12.5,1000000,ng,chronic,F,p_g,20190723,,,
112,20190718,12.5,1000000,ng,chronic,G,p_g,20190723,,,
113,20190718,12.5,1000000,ng,chronic,H,p_g,20190723,,,
114,20190718,12.5,1000000,ng,chronic,I,p_g,20190723,,,
115,20190718,12.5,1000000,ng,chronic,J,p_g,20190723,,,
116,20190718,12.5,1000000,ng,chronic,K,p_g,20190723,,,
117,20190718,12.5,1000000,ng,chronic,L,p_g,20190723,,,
118,20190718,12.5,1000000,ng,chronic,M,p,20190723,,,
119,20190718,12.5,1000000,ng,chronic,N,p,20190723,,,
120,20190718,12.5,1000000,ng,chronic,O,p,20190723,,,