snail_id,date_collected,temp,caffeine_concentration,caffeine_mass_units,exposure_type,rep,mesocosm,snail_mass_g,comments
1,20190708,17.5,0,ng,chronic,A,p_g,1.72,
2,20190708,17.5,0,ng,chronic,B,p_g,1.29,
3,20190708,17.5,0,ng,chronic,C,p_g,1.1,
4,20190708,17.5,0,ng,chronic,D,p_g,1.08,
5,20190708,17.5,0,ng,chronic,E,p_g,1.1,
6,20190708,17.5,0,ng,chronic,F,p_g,2.51,
7,20190708,17.5,0,ng,chronic,G,p_g,1.36,
8,20190708,17.5,0,ng,chronic,H,p_g,1.84,
9,20190708,17.5,0,ng,chronic,I,p_g,1.15,
10,20190708,17.5,0,ng,chronic,J,p_g,1.57,
11,20190708,17.5,0,ng,chronic,K,p_g,1.12,
12,20190708,17.5,0,ng,chronic,L,p_g,1.48,
13,20190708,17.5,0,ng,chronic,M,p,,
14,20190708,17.5,0,ng,chronic,N,p,,
15,20190708,17.5,0,ng,chronic,O,p,,
16,20190708,17.5,100,ng,chronic,A,p_g,1.84,
17,20190708,17.5,100,ng,chronic,B,p_g,1.43,
18,20190708,17.5,100,ng,chronic,C,p_g,1.53,
19,20190708,17.5,100,ng,chronic,D,p_g,1.39,
20,20190708,17.5,100,ng,chronic,E,p_g,1.43,
21,20190708,17.5,100,ng,chronic,F,p_g,1.04,
22,20190708,17.5,100,ng,chronic,G,p_g,1.7,
23,20190708,17.5,100,ng,chronic,H,p_g,1.8,
24,20190708,17.5,100,ng,chronic,I,p_g,1.96,
25,20190708,17.5,100,ng,chronic,J,p_g,1.46,
26,20190708,17.5,100,ng,chronic,K,p_g,2.11,
27,20190708,17.5,100,ng,chronic,L,p_g,1.95,
28,20190708,17.5,100,ng,chronic,M,p,,
29,20190708,17.5,100,ng,chronic,N,p,,
30,20190708,17.5,100,ng,chronic,O,p,,
31,20190708,17.5,10000,ng,chronic,A,p_g,1.44,
32,20190708,17.5,10000,ng,chronic,B,p_g,1.56,
33,20190708,17.5,10000,ng,chronic,C,p_g,1.44,
34,20190708,17.5,10000,ng,chronic,D,p_g,1.84,
35,20190708,17.5,10000,ng,chronic,E,p_g,1.93,
36,20190708,17.5,10000,ng,chronic,F,p_g,1.39,
37,20190708,17.5,10000,ng,chronic,G,p_g,1.36,
38,20190708,17.5,10000,ng,chronic,H,p_g,2.65,
39,20190708,17.5,10000,ng,chronic,I,p_g,1.86,
40,20190708,17.5,10000,ng,chronic,J,p_g,1.64,
41,20190708,17.5,10000,ng,chronic,K,p_g,1.73,
42,20190708,17.5,10000,ng,chronic,L,p_g,1.43,
43,20190708,17.5,10000,ng,chronic,M,p,,
44,20190708,17.5,10000,ng,chronic,N,p,,
45,20190708,17.5,10000,ng,chronic,O,p,,
46,20190708,17.5,1000000,ng,chronic,A,p_g,0.89,
47,20190708,17.5,1000000,ng,chronic,B,p_g,0.8,
48,20190708,17.5,1000000,ng,chronic,C,p_g,1.56,
49,20190708,17.5,1000000,ng,chronic,D,p_g,1.98,
50,20190708,17.5,1000000,ng,chronic,E,p_g,1.12,
51,20190708,17.5,1000000,ng,chronic,F,p_g,0.91,
52,20190708,17.5,1000000,ng,chronic,G,p_g,3.37,
53,20190708,17.5,1000000,ng,chronic,H,p_g,1.39,
54,20190708,17.5,1000000,ng,chronic,I,p_g,1.55,
55,20190708,17.5,1000000,ng,chronic,J,p_g,1.68,
56,20190708,17.5,1000000,ng,chronic,K,p_g,1.98,
57,20190708,17.5,1000000,ng,chronic,L,p_g,1.46,
58,20190708,17.5,1000000,ng,chronic,M,p,,
59,20190708,17.5,1000000,ng,chronic,N,p,,
60,20190708,17.5,1000000,ng,chronic,O,p,,
61,20190708,12.5,0,ng,chronic,A,p_g,1.64,
62,20190708,12.5,0,ng,chronic,B,p_g,1.6,
63,20190708,12.5,0,ng,chronic,C,p_g,0.86,
64,20190708,12.5,0,ng,chronic,D,p_g,1.42,
65,20190708,12.5,0,ng,chronic,E,p_g,2.53,
66,20190708,12.5,0,ng,chronic,F,p_g,1.36,
67,20190708,12.5,0,ng,chronic,G,p_g,1.94,
68,20190708,12.5,0,ng,chronic,H,p_g,2.04,
69,20190708,12.5,0,ng,chronic,I,p_g,1.76,
70,20190708,12.5,0,ng,chronic,J,p_g,2.72,
71,20190708,12.5,0,ng,chronic,K,p_g,1.3,
72,20190708,12.5,0,ng,chronic,L,p_g,1.88,
73,20190708,12.5,0,ng,chronic,M,p,,
74,20190708,12.5,0,ng,chronic,N,p,,
75,20190708,12.5,0,ng,chronic,O,p,,
76,20190708,12.5,100,ng,chronic,A,p_g,1.49,
77,20190708,12.5,100,ng,chronic,B,p_g,1.34,
78,20190708,12.5,100,ng,chronic,C,p_g,1.57,
79,20190708,12.5,100,ng,chronic,D,p_g,1.39,
80,20190708,12.5,100,ng,chronic,E,p_g,1.76,
81,20190708,12.5,100,ng,chronic,F,p_g,1.14,
82,20190708,12.5,100,ng,chronic,G,p_g,2.07,
83,20190708,12.5,100,ng,chronic,H,p_g,1.59,
84,20190708,12.5,100,ng,chronic,I,p_g,1.89,
85,20190708,12.5,100,ng,chronic,J,p_g,1.31,
86,20190708,12.5,100,ng,chronic,K,p_g,1.69,
87,20190708,12.5,100,ng,chronic,L,p_g,1.8,
88,20190708,12.5,100,ng,chronic,M,p,,
89,20190708,12.5,100,ng,chronic,N,p,,
90,20190708,12.5,100,ng,chronic,O,p,,
91,20190708,12.5,10000,ng,chronic,A,p_g,1.63,
92,20190708,12.5,10000,ng,chronic,B,p_g,1.45,
93,20190708,12.5,10000,ng,chronic,C,p_g,2.71,
94,20190708,12.5,10000,ng,chronic,D,p_g,1.11,
95,20190708,12.5,10000,ng,chronic,E,p_g,1.47,
96,20190708,12.5,10000,ng,chronic,F,p_g,1.91,
97,20190708,12.5,10000,ng,chronic,G,p_g,1.18,
98,20190708,12.5,10000,ng,chronic,H,p_g,1.45,
99,20190708,12.5,10000,ng,chronic,I,p_g,1.41,
100,20190708,12.5,10000,ng,chronic,J,p_g,0.9,
101,20190708,12.5,10000,ng,chronic,K,p_g,1.83,
102,20190708,12.5,10000,ng,chronic,L,p_g,1.46,
103,20190708,12.5,10000,ng,chronic,M,p,,
104,20190708,12.5,10000,ng,chronic,N,p,,
105,20190708,12.5,10000,ng,chronic,O,p,,
106,20190708,12.5,1000000,ng,chronic,A,p_g,1.51,
107,20190708,12.5,1000000,ng,chronic,B,p_g,2.08,
108,20190708,12.5,1000000,ng,chronic,C,p_g,1.67,
109,20190708,12.5,1000000,ng,chronic,D,p_g,1.61,
110,20190708,12.5,1000000,ng,chronic,E,p_g,1.15,
111,20190708,12.5,1000000,ng,chronic,F,p_g,1.25,
112,20190708,12.5,1000000,ng,chronic,G,p_g,1.69,
113,20190708,12.5,1000000,ng,chronic,H,p_g,2.43,
114,20190708,12.5,1000000,ng,chronic,I,p_g,0.72,
115,20190708,12.5,1000000,ng,chronic,J,p_g,1.64,
116,20190708,12.5,1000000,ng,chronic,K,p_g,1.63,
117,20190708,12.5,1000000,ng,chronic,L,p_g,2.53,
118,20190708,12.5,1000000,ng,chronic,M,p,,
119,20190708,12.5,1000000,ng,chronic,N,p,,
120,20190708,12.5,1000000,ng,chronic,O,p,,
1,20190712,17.5,0,ng,chronic,A,p_g,1.71,
2,20190712,17.5,0,ng,chronic,B,p_g,1.71,
3,20190712,17.5,0,ng,chronic,C,p_g,1,
4,20190712,17.5,0,ng,chronic,D,p_g,1.03,
5,20190712,17.5,0,ng,chronic,E,p_g,1.12,
6,20190712,17.5,0,ng,chronic,F,p_g,2.44,
7,20190712,17.5,0,ng,chronic,G,p_g,1.35,
8,20190712,17.5,0,ng,chronic,H,p_g,1.89,
9,20190712,17.5,0,ng,chronic,I,p_g,1.14,
10,20190712,17.5,0,ng,chronic,J,p_g,1.47,
11,20190712,17.5,0,ng,chronic,K,p_g,0.7,
12,20190712,17.5,0,ng,chronic,L,p_g,1.44,
13,20190712,17.5,0,ng,chronic,M,p,,
14,20190712,17.5,0,ng,chronic,N,p,,
15,20190712,17.5,0,ng,chronic,O,p,,
16,20190712,17.5,100,ng,chronic,A,p_g,,Missing
17,20190712,17.5,100,ng,chronic,B,p_g,1.33,
18,20190712,17.5,100,ng,chronic,C,p_g,1.53,
19,20190712,17.5,100,ng,chronic,D,p_g,1.41,
20,20190712,17.5,100,ng,chronic,E,p_g,1.46,
21,20190712,17.5,100,ng,chronic,F,p_g,1.05,
22,20190712,17.5,100,ng,chronic,G,p_g,1.7,
23,20190712,17.5,100,ng,chronic,H,p_g,1.64,
24,20190712,17.5,100,ng,chronic,I,p_g,1.83,maybe_dead
25,20190712,17.5,100,ng,chronic,J,p_g,1.54,
26,20190712,17.5,100,ng,chronic,K,p_g,2.15,
27,20190712,17.5,100,ng,chronic,L,p_g,1.95,
28,20190712,17.5,100,ng,chronic,M,p,,
29,20190712,17.5,100,ng,chronic,N,p,,
30,20190712,17.5,100,ng,chronic,O,p,,
31,20190712,17.5,10000,ng,chronic,A,p_g,1.43,
32,20190712,17.5,10000,ng,chronic,B,p_g,1.59,
33,20190712,17.5,10000,ng,chronic,C,p_g,1.38,
34,20190712,17.5,10000,ng,chronic,D,p_g,1.69,
35,20190712,17.5,10000,ng,chronic,E,p_g,1.86,
36,20190712,17.5,10000,ng,chronic,F,p_g,1.38,maybe_dead
37,20190712,17.5,10000,ng,chronic,G,p_g,1.49,
38,20190712,17.5,10000,ng,chronic,H,p_g,2.89,
39,20190712,17.5,10000,ng,chronic,I,p_g,1.9,
40,20190712,17.5,10000,ng,chronic,J,p_g,1.71,
41,20190712,17.5,10000,ng,chronic,K,p_g,1.71,
42,20190712,17.5,10000,ng,chronic,L,p_g,1.49,
43,20190712,17.5,10000,ng,chronic,M,p,,
44,20190712,17.5,10000,ng,chronic,N,p,,
45,20190712,17.5,10000,ng,chronic,O,p,,
46,20190712,17.5,1000000,ng,chronic,A,p_g,0.9,
47,20190712,17.5,1000000,ng,chronic,B,p_g,0.8,
48,20190712,17.5,1000000,ng,chronic,C,p_g,1.59,
49,20190712,17.5,1000000,ng,chronic,D,p_g,1.95,
50,20190712,17.5,1000000,ng,chronic,E,p_g,1.08,
51,20190712,17.5,1000000,ng,chronic,F,p_g,0.95,
52,20190712,17.5,1000000,ng,chronic,G,p_g,3.49,
53,20190712,17.5,1000000,ng,chronic,H,p_g,1.41,
54,20190712,17.5,1000000,ng,chronic,I,p_g,1.48,
55,20190712,17.5,1000000,ng,chronic,J,p_g,1.68,
56,20190712,17.5,1000000,ng,chronic,K,p_g,1.94,
57,20190712,17.5,1000000,ng,chronic,L,p_g,1.56,
58,20190712,17.5,1000000,ng,chronic,M,p,,
59,20190712,17.5,1000000,ng,chronic,N,p,,
60,20190712,17.5,1000000,ng,chronic,O,p,,
61,20190712,12.5,0,ng,chronic,A,p_g,1.55,
62,20190712,12.5,0,ng,chronic,B,p_g,1.65,
63,20190712,12.5,0,ng,chronic,C,p_g,0.96,
64,20190712,12.5,0,ng,chronic,D,p_g,1.27,
65,20190712,12.5,0,ng,chronic,E,p_g,2.78,
66,20190712,12.5,0,ng,chronic,F,p_g,1.28,
67,20190712,12.5,0,ng,chronic,G,p_g,1.82,
68,20190712,12.5,0,ng,chronic,H,p_g,1.98,
69,20190712,12.5,0,ng,chronic,I,p_g,1.73,
70,20190712,12.5,0,ng,chronic,J,p_g,2.57,
71,20190712,12.5,0,ng,chronic,K,p_g,1.57,
72,20190712,12.5,0,ng,chronic,L,p_g,2.04,
73,20190712,12.5,0,ng,chronic,M,p,,
74,20190712,12.5,0,ng,chronic,N,p,,
75,20190712,12.5,0,ng,chronic,O,p,,
76,20190712,12.5,100,ng,chronic,A,p_g,1.6,
77,20190712,12.5,100,ng,chronic,B,p_g,1.32,
78,20190712,12.5,100,ng,chronic,C,p_g,1.61,
79,20190712,12.5,100,ng,chronic,D,p_g,1.49,
80,20190712,12.5,100,ng,chronic,E,p_g,1.76,
81,20190712,12.5,100,ng,chronic,F,p_g,1.14,
82,20190712,12.5,100,ng,chronic,G,p_g,2.15,
83,20190712,12.5,100,ng,chronic,H,p_g,1.65,
84,20190712,12.5,100,ng,chronic,I,p_g,2.02,
85,20190712,12.5,100,ng,chronic,J,p_g,1.27,
86,20190712,12.5,100,ng,chronic,K,p_g,1.9,
87,20190712,12.5,100,ng,chronic,L,p_g,1.84,
88,20190712,12.5,100,ng,chronic,M,p,,
89,20190712,12.5,100,ng,chronic,N,p,,
90,20190712,12.5,100,ng,chronic,O,p,,
91,20190712,12.5,10000,ng,chronic,A,p_g,1.55,
92,20190712,12.5,10000,ng,chronic,B,p_g,1.62,
93,20190712,12.5,10000,ng,chronic,C,p_g,2.68,
94,20190712,12.5,10000,ng,chronic,D,p_g,1.04,
95,20190712,12.5,10000,ng,chronic,E,p_g,1.49,
96,20190712,12.5,10000,ng,chronic,F,p_g,1.89,
97,20190712,12.5,10000,ng,chronic,G,p_g,1.21,
98,20190712,12.5,10000,ng,chronic,H,p_g,1.51,
99,20190712,12.5,10000,ng,chronic,I,p_g,1.42,
100,20190712,12.5,10000,ng,chronic,J,p_g,0.87,
101,20190712,12.5,10000,ng,chronic,K,p_g,1.64,
102,20190712,12.5,10000,ng,chronic,L,p_g,1.28,
103,20190712,12.5,10000,ng,chronic,M,p,,
104,20190712,12.5,10000,ng,chronic,N,p,,
105,20190712,12.5,10000,ng,chronic,O,p,,
106,20190712,12.5,1000000,ng,chronic,A,p_g,1.52,
107,20190712,12.5,1000000,ng,chronic,B,p_g,2.08,
108,20190712,12.5,1000000,ng,chronic,C,p_g,1.61,
109,20190712,12.5,1000000,ng,chronic,D,p_g,1.54,
110,20190712,12.5,1000000,ng,chronic,E,p_g,1.17,
111,20190712,12.5,1000000,ng,chronic,F,p_g,1.16,
112,20190712,12.5,1000000,ng,chronic,G,p_g,1.7,
113,20190712,12.5,1000000,ng,chronic,H,p_g,2.37,
114,20190712,12.5,1000000,ng,chronic,I,p_g,0.7,
115,20190712,12.5,1000000,ng,chronic,J,p_g,1.63,
116,20190712,12.5,1000000,ng,chronic,K,p_g,1.64,
117,20190712,12.5,1000000,ng,chronic,L,p_g,2.54,
118,20190712,12.5,1000000,ng,chronic,M,p,,
119,20190712,12.5,1000000,ng,chronic,N,p,,
120,20190712,12.5,1000000,ng,chronic,O,p,,
1,20190715,17.5,0,ng,chronic,A,p_g,1.74,
2,20190715,17.5,0,ng,chronic,B,p_g,1.25,
3,20190715,17.5,0,ng,chronic,C,p_g,0.98,
4,20190715,17.5,0,ng,chronic,D,p_g,1.02,
5,20190715,17.5,0,ng,chronic,E,p_g,1.15,
6,20190715,17.5,0,ng,chronic,F,p_g,2.46,
7,20190715,17.5,0,ng,chronic,G,p_g,1.35,
8,20190715,17.5,0,ng,chronic,H,p_g,1.96,
9,20190715,17.5,0,ng,chronic,I,p_g,1.25,
10,20190715,17.5,0,ng,chronic,J,p_g,1.49,
11,20190715,17.5,0,ng,chronic,K,p_g,0.72,
12,20190715,17.5,0,ng,chronic,L,p_g,1.49,
13,20190715,17.5,0,ng,chronic,M,p,,
14,20190715,17.5,0,ng,chronic,N,p,,
15,20190715,17.5,0,ng,chronic,O,p,,
16,20190715,17.5,100,ng,chronic,A,p_g,,Missing
17,20190715,17.5,100,ng,chronic,B,p_g,1.51,
18,20190715,17.5,100,ng,chronic,C,p_g,1.54,
19,20190715,17.5,100,ng,chronic,D,p_g,1.42,
20,20190715,17.5,100,ng,chronic,E,p_g,1.38,
21,20190715,17.5,100,ng,chronic,F,p_g,1.03,
22,20190715,17.5,100,ng,chronic,G,p_g,1.68,
23,20190715,17.5,100,ng,chronic,H,p_g,1.67,
24,20190715,17.5,100,ng,chronic,I,p_g,1.95,
25,20190715,17.5,100,ng,chronic,J,p_g,1.5,
26,20190715,17.5,100,ng,chronic,K,p_g,2.22,
27,20190715,17.5,100,ng,chronic,L,p_g,1.9,
28,20190715,17.5,100,ng,chronic,M,p,,
29,20190715,17.5,100,ng,chronic,N,p,,
30,20190715,17.5,100,ng,chronic,O,p,,
31,20190715,17.5,10000,ng,chronic,A,p_g,1.39,
32,20190715,17.5,10000,ng,chronic,B,p_g,1.6,
33,20190715,17.5,10000,ng,chronic,C,p_g,1.33,
34,20190715,17.5,10000,ng,chronic,D,p_g,1.68,
35,20190715,17.5,10000,ng,chronic,E,p_g,1.88,
36,20190715,17.5,10000,ng,chronic,F,p_g,1.36,
37,20190715,17.5,10000,ng,chronic,G,p_g,1.45,
38,20190715,17.5,10000,ng,chronic,H,p_g,2.71,
39,20190715,17.5,10000,ng,chronic,I,p_g,1.71,
40,20190715,17.5,10000,ng,chronic,J,p_g,1.58,
41,20190715,17.5,10000,ng,chronic,K,p_g,1.75,
42,20190715,17.5,10000,ng,chronic,L,p_g,1.43,
43,20190715,17.5,10000,ng,chronic,M,p,,
44,20190715,17.5,10000,ng,chronic,N,p,,
45,20190715,17.5,10000,ng,chronic,O,p,,
46,20190715,17.5,1000000,ng,chronic,A,p_g,0.88,
47,20190715,17.5,1000000,ng,chronic,B,p_g,0.81,
48,20190715,17.5,1000000,ng,chronic,C,p_g,1.53,
49,20190715,17.5,1000000,ng,chronic,D,p_g,1.96,
50,20190715,17.5,1000000,ng,chronic,E,p_g,1.16,
51,20190715,17.5,1000000,ng,chronic,F,p_g,0.97,
52,20190715,17.5,1000000,ng,chronic,G,p_g,3.56,
53,20190715,17.5,1000000,ng,chronic,H,p_g,1.43,
54,20190715,17.5,1000000,ng,chronic,I,p_g,1.5,
55,20190715,17.5,1000000,ng,chronic,J,p_g,1.73,
56,20190715,17.5,1000000,ng,chronic,K,p_g,1.94,
57,20190715,17.5,1000000,ng,chronic,L,p_g,1.55,
58,20190715,17.5,1000000,ng,chronic,M,p,,
59,20190715,17.5,1000000,ng,chronic,N,p,,
60,20190715,17.5,1000000,ng,chronic,O,p,,
61,20190715,12.5,0,ng,chronic,A,p_g,1.54,
62,20190715,12.5,0,ng,chronic,B,p_g,1.55,
63,20190715,12.5,0,ng,chronic,C,p_g,0.86,
64,20190715,12.5,0,ng,chronic,D,p_g,1.13,
65,20190715,12.5,0,ng,chronic,E,p_g,2.5,
66,20190715,12.5,0,ng,chronic,F,p_g,1.27,
67,20190715,12.5,0,ng,chronic,G,p_g,1.85,
68,20190715,12.5,0,ng,chronic,H,p_g,2.05,
69,20190715,12.5,0,ng,chronic,I,p_g,1.75,
70,20190715,12.5,0,ng,chronic,J,p_g,2.75,
71,20190715,12.5,0,ng,chronic,K,p_g,1.21,
72,20190715,12.5,0,ng,chronic,L,p_g,1.84,
73,20190715,12.5,0,ng,chronic,M,p,,
74,20190715,12.5,0,ng,chronic,N,p,,
75,20190715,12.5,0,ng,chronic,O,p,,
76,20190715,12.5,100,ng,chronic,A,p_g,1.51,
77,20190715,12.5,100,ng,chronic,B,p_g,1.37,
78,20190715,12.5,100,ng,chronic,C,p_g,1.54,
79,20190715,12.5,100,ng,chronic,D,p_g,1.28,
80,20190715,12.5,100,ng,chronic,E,p_g,1.85,
81,20190715,12.5,100,ng,chronic,F,p_g,1.15,
82,20190715,12.5,100,ng,chronic,G,p_g,2.24,
83,20190715,12.5,100,ng,chronic,H,p_g,1.73,
84,20190715,12.5,100,ng,chronic,I,p_g,1.82,
85,20190715,12.5,100,ng,chronic,J,p_g,1.29,
86,20190715,12.5,100,ng,chronic,K,p_g,1.65,
87,20190715,12.5,100,ng,chronic,L,p_g,1.84,
88,20190715,12.5,100,ng,chronic,M,p,,
89,20190715,12.5,100,ng,chronic,N,p,,
90,20190715,12.5,100,ng,chronic,O,p,,
91,20190715,12.5,10000,ng,chronic,A,p_g,1.59,
92,20190715,12.5,10000,ng,chronic,B,p_g,1.41,
93,20190715,12.5,10000,ng,chronic,C,p_g,2.85,
94,20190715,12.5,10000,ng,chronic,D,p_g,1.16,
95,20190715,12.5,10000,ng,chronic,E,p_g,1.47,
96,20190715,12.5,10000,ng,chronic,F,p_g,1.91,
97,20190715,12.5,10000,ng,chronic,G,p_g,1.11,
98,20190715,12.5,10000,ng,chronic,H,p_g,1.47,
99,20190715,12.5,10000,ng,chronic,I,p_g,1.39,
100,20190715,12.5,10000,ng,chronic,J,p_g,0.9,
101,20190715,12.5,10000,ng,chronic,K,p_g,1.67,
102,20190715,12.5,10000,ng,chronic,L,p_g,1.35,
103,20190715,12.5,10000,ng,chronic,M,p,,
104,20190715,12.5,10000,ng,chronic,N,p,,
105,20190715,12.5,10000,ng,chronic,O,p,,
106,20190715,12.5,1000000,ng,chronic,A,p_g,1.49,
107,20190715,12.5,1000000,ng,chronic,B,p_g,1.96,
108,20190715,12.5,1000000,ng,chronic,C,p_g,1.75,
109,20190715,12.5,1000000,ng,chronic,D,p_g,1.57,
110,20190715,12.5,1000000,ng,chronic,E,p_g,1.05,
111,20190715,12.5,1000000,ng,chronic,F,p_g,1.22,
112,20190715,12.5,1000000,ng,chronic,G,p_g,1.68,maybe_dead
113,20190715,12.5,1000000,ng,chronic,H,p_g,2.39,
114,20190715,12.5,1000000,ng,chronic,I,p_g,0.77,
115,20190715,12.5,1000000,ng,chronic,J,p_g,1.68,
116,20190715,12.5,1000000,ng,chronic,K,p_g,1.62,
117,20190715,12.5,1000000,ng,chronic,L,p_g,2.43,
118,20190715,12.5,1000000,ng,chronic,M,p,1.78,
119,20190715,12.5,1000000,ng,chronic,N,p,,
120,20190715,12.5,1000000,ng,chronic,O,p,,
1,20190718,17.5,0,ng,chronic,A,p_g,1.71,
2,20190718,17.5,0,ng,chronic,B,p_g,1.24,
3,20190718,17.5,0,ng,chronic,C,p_g,0.96,
4,20190718,17.5,0,ng,chronic,D,p_g,1.03,
5,20190718,17.5,0,ng,chronic,E,p_g,1.09,
6,20190718,17.5,0,ng,chronic,F,p_g,2.52,
7,20190718,17.5,0,ng,chronic,G,p_g,1.34,
8,20190718,17.5,0,ng,chronic,H,p_g,1.83,
9,20190718,17.5,0,ng,chronic,I,p_g,1.09,
10,20190718,17.5,0,ng,chronic,J,p_g,1.61,
11,20190718,17.5,0,ng,chronic,K,p_g,0.73,
12,20190718,17.5,0,ng,chronic,L,p_g,1.44,
13,20190718,17.5,0,ng,chronic,M,p,,
14,20190718,17.5,0,ng,chronic,N,p,,
15,20190718,17.5,0,ng,chronic,O,p,,
16,20190718,17.5,100,ng,chronic,A,p_g,,snail_missing
17,20190718,17.5,100,ng,chronic,B,p_g,1.52,
18,20190718,17.5,100,ng,chronic,C,p_g,1.53,
19,20190718,17.5,100,ng,chronic,D,p_g,1.42,
20,20190718,17.5,100,ng,chronic,E,p_g,1.41,
21,20190718,17.5,100,ng,chronic,F,p_g,1.06,
22,20190718,17.5,100,ng,chronic,G,p_g,1.7,
23,20190718,17.5,100,ng,chronic,H,p_g,1.65,
24,20190718,17.5,100,ng,chronic,I,p_g,1.9,
25,20190718,17.5,100,ng,chronic,J,p_g,1.42,
26,20190718,17.5,100,ng,chronic,K,p_g,2.19,
27,20190718,17.5,100,ng,chronic,L,p_g,1.97,
28,20190718,17.5,100,ng,chronic,M,p,,
29,20190718,17.5,100,ng,chronic,N,p,,
30,20190718,17.5,100,ng,chronic,O,p,,
31,20190718,17.5,10000,ng,chronic,A,p_g,1.31,
32,20190718,17.5,10000,ng,chronic,B,p_g,1.58,
33,20190718,17.5,10000,ng,chronic,C,p_g,1.34,
34,20190718,17.5,10000,ng,chronic,D,p_g,1.78,
35,20190718,17.5,10000,ng,chronic,E,p_g,1.86,
36,20190718,17.5,10000,ng,chronic,F,p_g,1.44,
37,20190718,17.5,10000,ng,chronic,G,p_g,1.42,
38,20190718,17.5,10000,ng,chronic,H,p_g,2.5,
39,20190718,17.5,10000,ng,chronic,I,p_g,1.92,
40,20190718,17.5,10000,ng,chronic,J,p_g,1.7,
41,20190718,17.5,10000,ng,chronic,K,p_g,1.7,
42,20190718,17.5,10000,ng,chronic,L,p_g,1.44,
43,20190718,17.5,10000,ng,chronic,M,p,,
44,20190718,17.5,10000,ng,chronic,N,p,,
45,20190718,17.5,10000,ng,chronic,O,p,,
46,20190718,17.5,1000000,ng,chronic,A,p_g,0.91,
47,20190718,17.5,1000000,ng,chronic,B,p_g,0.85,
48,20190718,17.5,1000000,ng,chronic,C,p_g,1.56,
49,20190718,17.5,1000000,ng,chronic,D,p_g,1.94,
50,20190718,17.5,1000000,ng,chronic,E,p_g,1.22,
51,20190718,17.5,1000000,ng,chronic,F,p_g,1.09,
52,20190718,17.5,1000000,ng,chronic,G,p_g,3.43,
53,20190718,17.5,1000000,ng,chronic,H,p_g,1.46,
54,20190718,17.5,1000000,ng,chronic,I,p_g,1.5,
55,20190718,17.5,1000000,ng,chronic,J,p_g,1.71,
56,20190718,17.5,1000000,ng,chronic,K,p_g,1.91,
57,20190718,17.5,1000000,ng,chronic,L,p_g,1.56,
58,20190718,17.5,1000000,ng,chronic,M,p,,
59,20190718,17.5,1000000,ng,chronic,N,p,,
60,20190718,17.5,1000000,ng,chronic,O,p,,
61,20190718,12.5,0,ng,chronic,A,p_g,1.58,
62,20190718,12.5,0,ng,chronic,B,p_g,1.57,
63,20190718,12.5,0,ng,chronic,C,p_g,1.87,
64,20190718,12.5,0,ng,chronic,D,p_g,1.15,
65,20190718,12.5,0,ng,chronic,E,p_g,2.5,
66,20190718,12.5,0,ng,chronic,F,p_g,1.29,
67,20190718,12.5,0,ng,chronic,G,p_g,1.85,maybe_dead
68,20190718,12.5,0,ng,chronic,H,p_g,2.03,
69,20190718,12.5,0,ng,chronic,I,p_g,1.71,
70,20190718,12.5,0,ng,chronic,J,p_g,2.7,
71,20190718,12.5,0,ng,chronic,K,p_g,1.17,
72,20190718,12.5,0,ng,chronic,L,p_g,1.83,
73,20190718,12.5,0,ng,chronic,M,p,,
74,20190718,12.5,0,ng,chronic,N,p,,
75,20190718,12.5,0,ng,chronic,O,p,,
76,20190718,12.5,100,ng,chronic,A,p_g,1.51,
77,20190718,12.5,100,ng,chronic,B,p_g,1.29,
78,20190718,12.5,100,ng,chronic,C,p_g,1.51,
79,20190718,12.5,100,ng,chronic,D,p_g,1.37,
80,20190718,12.5,100,ng,chronic,E,p_g,1.77,
81,20190718,12.5,100,ng,chronic,F,p_g,1.11,
82,20190718,12.5,100,ng,chronic,G,p_g,2.13,
83,20190718,12.5,100,ng,chronic,H,p_g,1.54,
84,20190718,12.5,100,ng,chronic,I,p_g,1.88,
85,20190718,12.5,100,ng,chronic,J,p_g,1.29,
86,20190718,12.5,100,ng,chronic,K,p_g,1.73,
87,20190718,12.5,100,ng,chronic,L,p_g,1.83,
88,20190718,12.5,100,ng,chronic,M,p,,
89,20190718,12.5,100,ng,chronic,N,p,,
90,20190718,12.5,100,ng,chronic,O,p,,
91,20190718,12.5,10000,ng,chronic,A,p_g,1.58,
92,20190718,12.5,10000,ng,chronic,B,p_g,1.35,
93,20190718,12.5,10000,ng,chronic,C,p_g,2.84,
94,20190718,12.5,10000,ng,chronic,D,p_g,1.24,maybe_dead
95,20190718,12.5,10000,ng,chronic,E,p_g,1.49,
96,20190718,12.5,10000,ng,chronic,F,p_g,1.97,
97,20190718,12.5,10000,ng,chronic,G,p_g,1.14,
98,20190718,12.5,10000,ng,chronic,H,p_g,1.45,
99,20190718,12.5,10000,ng,chronic,I,p_g,1.33,
100,20190718,12.5,10000,ng,chronic,J,p_g,0.97,
101,20190718,12.5,10000,ng,chronic,K,p_g,1.65,
102,20190718,12.5,10000,ng,chronic,L,p_g,1.4,
103,20190718,12.5,10000,ng,chronic,M,p,,
104,20190718,12.5,10000,ng,chronic,N,p,,
105,20190718,12.5,10000,ng,chronic,O,p,,
106,20190718,12.5,1000000,ng,chronic,A,p_g,1.49,
107,20190718,12.5,1000000,ng,chronic,B,p_g,1.95,
108,20190718,12.5,1000000,ng,chronic,C,p_g,1.65,
109,20190718,12.5,1000000,ng,chronic,D,p_g,1.55,
110,20190718,12.5,1000000,ng,chronic,E,p_g,1.17,
111,20190718,12.5,1000000,ng,chronic,F,p_g,1.2,
112,20190718,12.5,1000000,ng,chronic,G,p_g,1.74,
113,20190718,12.5,1000000,ng,chronic,H,p_g,2.41,
114,20190718,12.5,1000000,ng,chronic,I,p_g,0.71,
115,20190718,12.5,1000000,ng,chronic,J,p_g,1.64,
116,20190718,12.5,1000000,ng,chronic,K,p_g,1.86,
117,20190718,12.5,1000000,ng,chronic,L,p_g,2.53,
118,20190718,12.5,1000000,ng,chronic,M,p,,
119,20190718,12.5,1000000,ng,chronic,N,p,,
120,20190718,12.5,1000000,ng,chronic,O,p,,
1,20190718,17.5,0,ng,chronic,A,p_g,1.66,
2,20190718,17.5,0,ng,chronic,B,p_g,1.21,
3,20190718,17.5,0,ng,chronic,C,p_g,1.94,
4,20190718,17.5,0,ng,chronic,D,p_g,1.08,
5,20190718,17.5,0,ng,chronic,E,p_g,1.15,
6,20190718,17.5,0,ng,chronic,F,p_g,2.49,
7,20190718,17.5,0,ng,chronic,G,p_g,1.31,
8,20190718,17.5,0,ng,chronic,H,p_g,1.85,
9,20190718,17.5,0,ng,chronic,I,p_g,1.08,
10,20190718,17.5,0,ng,chronic,J,p_g,1.63,
11,20190718,17.5,0,ng,chronic,K,p_g,0.71,
12,20190718,17.5,0,ng,chronic,L,p_g,1.48,
13,20190718,17.5,0,ng,chronic,M,p,,
14,20190718,17.5,0,ng,chronic,N,p,,
15,20190718,17.5,0,ng,chronic,O,p,,
16,20190718,17.5,100,ng,chronic,A,p_g,,snail_missing
17,20190718,17.5,100,ng,chronic,B,p_g,1.48,
18,20190718,17.5,100,ng,chronic,C,p_g,1.53,
19,20190718,17.5,100,ng,chronic,D,p_g,1.38,
20,20190718,17.5,100,ng,chronic,E,p_g,1.36,definitely_dead
21,20190718,17.5,100,ng,chronic,F,p_g,1.06,
22,20190718,17.5,100,ng,chronic,G,p_g,1.74,
23,20190718,17.5,100,ng,chronic,H,p_g,1.81,
24,20190718,17.5,100,ng,chronic,I,p_g,2.05,
25,20190718,17.5,100,ng,chronic,J,p_g,1.55,
26,20190718,17.5,100,ng,chronic,K,p_g,2.17,
27,20190718,17.5,100,ng,chronic,L,p_g,1.97,
28,20190718,17.5,100,ng,chronic,M,p,,
29,20190718,17.5,100,ng,chronic,N,p,,
30,20190718,17.5,100,ng,chronic,O,p,,
31,20190718,17.5,10000,ng,chronic,A,p_g,1.35,
32,20190718,17.5,10000,ng,chronic,B,p_g,1.74,
33,20190718,17.5,10000,ng,chronic,C,p_g,1.35,
34,20190718,17.5,10000,ng,chronic,D,p_g,1.84,
35,20190718,17.5,10000,ng,chronic,E,p_g,1.91,
36,20190718,17.5,10000,ng,chronic,F,p_g,1.49,
37,20190718,17.5,10000,ng,chronic,G,p_g,1.44,
38,20190718,17.5,10000,ng,chronic,H,p_g,2.76,
39,20190718,17.5,10000,ng,chronic,I,p_g,1.65,
40,20190718,17.5,10000,ng,chronic,J,p_g,1.72,
41,20190718,17.5,10000,ng,chronic,K,p_g,1.75,
42,20190718,17.5,10000,ng,chronic,L,p_g,1.46,
43,20190718,17.5,10000,ng,chronic,M,p,,
44,20190718,17.5,10000,ng,chronic,N,p,,
45,20190718,17.5,10000,ng,chronic,O,p,,
46,20190718,17.5,1000000,ng,chronic,A,p_g,1.01,maybe_dead
47,20190718,17.5,1000000,ng,chronic,B,p_g,0.82,
48,20190718,17.5,1000000,ng,chronic,C,p_g,1.65,
49,20190718,17.5,1000000,ng,chronic,D,p_g,2.02,
50,20190718,17.5,1000000,ng,chronic,E,p_g,1.25,
51,20190718,17.5,1000000,ng,chronic,F,p_g,1.02,
52,20190718,17.5,1000000,ng,chronic,G,p_g,3.41,
53,20190718,17.5,1000000,ng,chronic,H,p_g,1.53,
54,20190718,17.5,1000000,ng,chronic,I,p_g,1.55,
55,20190718,17.5,1000000,ng,chronic,J,p_g,1.68,
56,20190718,17.5,1000000,ng,chronic,K,p_g,1.92,
57,20190718,17.5,1000000,ng,chronic,L,p_g,1.56,
58,20190718,17.5,1000000,ng,chronic,M,p,,
59,20190718,17.5,1000000,ng,chronic,N,p,,
60,20190718,17.5,1000000,ng,chronic,O,p,,
61,20190718,12.5,0,ng,chronic,A,p_g,1.59,
62,20190718,12.5,0,ng,chronic,B,p_g,1.59,
63,20190718,12.5,0,ng,chronic,C,p_g,0.87,
64,20190718,12.5,0,ng,chronic,D,p_g,1.18,
65,20190718,12.5,0,ng,chronic,E,p_g,2.51,
66,20190718,12.5,0,ng,chronic,F,p_g,1.23,
67,20190718,12.5,0,ng,chronic,G,p_g,1.83,
68,20190718,12.5,0,ng,chronic,H,p_g,2.02,
69,20190718,12.5,0,ng,chronic,I,p_g,1.74,
70,20190718,12.5,0,ng,chronic,J,p_g,2.72,
71,20190718,12.5,0,ng,chronic,K,p_g,1.22,
72,20190718,12.5,0,ng,chronic,L,p_g,1.85,
73,20190718,12.5,0,ng,chronic,M,p,,
74,20190718,12.5,0,ng,chronic,N,p,,
75,20190718,12.5,0,ng,chronic,O,p,,
76,20190718,12.5,100,ng,chronic,A,p_g,1.51,maybe_dead
77,20190718,12.5,100,ng,chronic,B,p_g,1.26,
78,20190718,12.5,100,ng,chronic,C,p_g,1.51,
79,20190718,12.5,100,ng,chronic,D,p_g,1.34,
80,20190718,12.5,100,ng,chronic,E,p_g,1.73,
81,20190718,12.5,100,ng,chronic,F,p_g,1.17,
82,20190718,12.5,100,ng,chronic,G,p_g,2.13,
83,20190718,12.5,100,ng,chronic,H,p_g,1.55,
84,20190718,12.5,100,ng,chronic,I,p_g,1.82,
85,20190718,12.5,100,ng,chronic,J,p_g,1.29,
86,20190718,12.5,100,ng,chronic,K,p_g,1.73,
87,20190718,12.5,100,ng,chronic,L,p_g,1.78,
88,20190718,12.5,100,ng,chronic,M,p,,
89,20190718,12.5,100,ng,chronic,N,p,,
90,20190718,12.5,100,ng,chronic,O,p,,
91,20190718,12.5,10000,ng,chronic,A,p_g,1.49,
92,20190718,12.5,10000,ng,chronic,B,p_g,1.47,
93,20190718,12.5,10000,ng,chronic,C,p_g,2.83,
94,20190718,12.5,10000,ng,chronic,D,p_g,1.15,definitely_dead
95,20190718,12.5,10000,ng,chronic,E,p_g,1.48,
96,20190718,12.5,10000,ng,chronic,F,p_g,1.89,
97,20190718,12.5,10000,ng,chronic,G,p_g,1.16,
98,20190718,12.5,10000,ng,chronic,H,p_g,1.45,
99,20190718,12.5,10000,ng,chronic,I,p_g,1.31,
100,20190718,12.5,10000,ng,chronic,J,p_g,0.9,
101,20190718,12.5,10000,ng,chronic,K,p_g,1.82,
102,20190718,12.5,10000,ng,chronic,L,p_g,1.37,
103,20190718,12.5,10000,ng,chronic,M,p,,
104,20190718,12.5,10000,ng,chronic,N,p,,
105,20190718,12.5,10000,ng,chronic,O,p,,
106,20190718,12.5,1000000,ng,chronic,A,p_g,1.56,
107,20190718,12.5,1000000,ng,chronic,B,p_g,1.97,maybe_dead
108,20190718,12.5,1000000,ng,chronic,C,p_g,1.67,
109,20190718,12.5,1000000,ng,chronic,D,p_g,1.51,
110,20190718,12.5,1000000,ng,chronic,E,p_g,1.08,
111,20190718,12.5,1000000,ng,chronic,F,p_g,1.21,
112,20190718,12.5,1000000,ng,chronic,G,p_g,1.67,
113,20190718,12.5,1000000,ng,chronic,H,p_g,2.42,
114,20190718,12.5,1000000,ng,chronic,I,p_g,0.72,
115,20190718,12.5,1000000,ng,chronic,J,p_g,1.65,
116,20190718,12.5,1000000,ng,chronic,K,p_g,1.51,
117,20190718,12.5,1000000,ng,chronic,L,p_g,2.55,
118,20190718,12.5,1000000,ng,chronic,M,p,,
119,20190718,12.5,1000000,ng,chronic,N,p,,
120,20190718,12.5,1000000,ng,chronic,O,p,,